#-------------------------------------------------------------------------------
# Copyright 2014-2021 Tim Stephenson and contributors
#
# Licensed under the Apache License, Version 2.0 (the "License"); you may not
# use this file except in compliance with the License.  You may obtain a copy
# of the License at
#
#    http://www.apache.org/licenses/LICENSE-2.0
#
# Unless required by applicable law or agreed to in writing, software
# distributed under the License is distributed on an "AS IS" BASIS, WITHOUT
# WARRANTIES OR CONDITIONS OF ANY KIND, either express or implied. See the
# License for the specific language governing permissions and limitations under
# the License.
#-------------------------------------------------------------------------------
= Import SDU org update (2017 data)

. Create table from sdu_org.sql

. Import CSV file (assumes mysql .my.cnf set up with credentials)
+
----
    sudo mysqlimport --ignore-lines=1 --fields-terminated-by=, --fields-optionally-enclosed-by='"' --verbose --local kp_db /var/lib/mysql-files/sdu_org.csv
----

. Compare which orgs exist already - hopefully empty set like this
+
----
    mysql> select c_org_code, name from sdu_org where c_org_code not in (select c.value from OL_ACCOUNT a join OL_ACCOUNT_CUSTOM c on a.id = c.account_id where c.name = 'orgCode');
Empty set (0.24 sec)
----

. Check for any name changes
+
----
    mysql> select id, c_org_code, name from sdu_org where account_id is null;
    +------+------------+---------------------------------------------------------+
    | id   | c_org_code | name                                                    |
    +------+------------+---------------------------------------------------------+
    | 1128 | 01H        | NHS North Cumbria CCG                                   |
    | 1130 | 01K        | NHS Morecambe Bay CCG                                   |
    | 1402 | RGN        | NORTH WEST ANGLIA NHS FOUNDATION TRUST                  |
    | 1415 | RJ2        | LEWISHAM AND GREENWICH NHS TRUST                        |
    | 1417 | RJ7        | ST GEORGE'S UNIVERSITY HOSPITALS NHS FOUNDATION TRUST   |
    | 1475 | RRD        | NORTH ESSEX PARTNERSHIP UNIVERSITY NHS FOUNDATION TRUST |
    | 1478 | RRJ        | THE ROYAL ORTHOPAEDIC HOSPITAL NHS FOUNDATION TRUST     |
    | 1490 | RTG        | DERBY TEACHING HOSPITALS NHS FOUNDATION TRUST           |
    | 1496 | RTV        | NORTH WEST BOROUGHS HEALTHCARE NHS FOUNDATION TRUST     |
    | 1554 | RY2        | BRIDGEWATER COMMUNITY HEALTHCARE NHS FOUNDATION TRUST   |
    | 1575 | TAD        | BRADFORD DISTRICT CARE FOUNDATION TRUST                 |
    +------+------------+---------------------------------------------------------+
    11 rows in set (0.00 sec)
----

. Check / Update name changes
+
----
    SELECT o.name, a.name
    FROM sdu_org o, OL_ACCOUNT a, OL_ACCOUNT_CUSTOM ac
    WHERE a.id = ac.account_id
    AND ac.name = 'orgCode'
    AND ac.value = o.c_org_code
    AND o.name != a.name;

    UPDATE OL_ACCOUNT a, OL_ACCOUNT_CUSTOM ac,sdu_org o
    set a.name = (
      SELECT o.name from sdu_org o
      WHERE ac.name = 'orgCode'
      AND ac.value = o.c_org_code
    )
    WHERE a.id = ac.account_id
    AND ac.name = 'orgCode'
    AND ac.value = o.c_org_code;
----

. UPDATE tmp table with account ids
+
----
    UPDATE sdu_org o
    SET account_id = ( SELECT min(id) from OL_ACCOUNT a where a.name = o.name );
----

. Update custom fields
+
----
    UPDATE OL_ACCOUNT_CUSTOM ac,sdu_org o
    set ac.value = (
      SELECT o.c_nhs_area from sdu_org o
      WHERE ac.name = 'nhsEnglandArea'
      AND ac.account_id = o.account_id
    )
    WHERE ac.name = 'nhsEnglandArea'
    AND ac.account_id = o.account_id;
    -- 12 rows affected

    UPDATE OL_ACCOUNT_CUSTOM ac,sdu_org o
    set ac.value = (
      SELECT o.c_phe_centre from sdu_org o
      WHERE ac.name = 'pheCentre'
      AND ac.account_id = o.account_id
    )
    WHERE ac.name = 'pheCentre'
    AND ac.account_id = o.account_id;
    -- 0 rows affected

    UPDATE OL_ACCOUNT_CUSTOM ac,sdu_org o
    set ac.value = (
      SELECT o.c_region from sdu_org o
      WHERE ac.name = 'region'
      AND ac.account_id = o.account_id
    )
    WHERE ac.name = 'region'
    AND ac.account_id = o.account_id;
    -- 0 rows affected

    UPDATE OL_ACCOUNT_CUSTOM ac,sdu_org o
    set ac.value = (
      SELECT o.c_sdmp from sdu_org o
      WHERE ac.name = 'sdmp'
      AND ac.account_id = o.account_id
    )
    WHERE ac.name = 'sdmp'
    AND ac.account_id = o.account_id;
    -- 256 rows affected

    UPDATE OL_ACCOUNT_CUSTOM ac,sdu_org o
    set ac.value = (
      SELECT o.c_adaptation from sdu_org o
      WHERE ac.name = 'adaptation'
      AND ac.account_id = o.account_id
    )
    WHERE ac.name = 'adaptation'
    AND ac.account_id = o.account_id;
    -- 174 rows affected

    UPDATE OL_ACCOUNT_CUSTOM ac,sdu_org o
    set ac.value = (
      SELECT o.c_on_track_34_pct from sdu_org o
      WHERE ac.name = 'onTrack34Pct'
      AND ac.account_id = o.account_id
    )
    WHERE ac.name = 'onTrack34Pct'
    AND ac.account_id = o.account_id;
    -- 112 rows affected

    UPDATE OL_ACCOUNT_CUSTOM ac,sdu_org o
    set ac.value = (
      SELECT o.c_healthy_tp from sdu_org o
      WHERE ac.name = 'healthyTP'
      AND ac.account_id = o.account_id
    )
    WHERE ac.name = 'healthyTP'
    AND ac.account_id = o.account_id;
    -- 111 rows affected

    UPDATE OL_ACCOUNT_CUSTOM ac,sdu_org o
    set ac.value = (
      SELECT o.c_gcc from sdu_org o
      WHERE ac.name = 'gcc'
      AND ac.account_id = o.account_id
    )
    WHERE ac.name = 'gcc'
    AND ac.account_id = o.account_id;
    -- 45 rows affected

    UPDATE OL_ACCOUNT_CUSTOM ac,sdu_org o
    set ac.value = (
      SELECT o.c_sr_score from sdu_org o
      WHERE ac.name = 'srScore'
      AND ac.account_id = o.account_id
    )
    WHERE ac.name = 'srScore'
    AND ac.account_id = o.account_id;
    -- 231 rows affected

    UPDATE OL_ACCOUNT_CUSTOM ac,sdu_org o
    set ac.value = (
      SELECT o.c_sr_pct from sdu_org o
      WHERE ac.name = 'srPct'
      AND ac.account_id = o.account_id
    )
    WHERE ac.name = 'srPct'
    AND ac.account_id = o.account_id;
    -- 473 rows affected

    UPDATE OL_ACCOUNT_CUSTOM ac,sdu_org o
    set ac.value = (
      SELECT o.c_nrg from sdu_org o
      WHERE ac.name = 'energy'
      AND ac.account_id = o.account_id
    )
    WHERE ac.name = 'energy'
    AND ac.account_id = o.account_id;
    -- 163 rows affected

    UPDATE OL_ACCOUNT_CUSTOM ac,sdu_org o
    set ac.value = (
      SELECT o.c_nrg_fte from sdu_org o
      WHERE ac.name = 'energyFte'
      AND ac.account_id = o.account_id
    )
    WHERE ac.name = 'energyFte'
    AND ac.account_id = o.account_id;
    -- 247 rows affected

    UPDATE OL_ACCOUNT_CUSTOM ac,sdu_org o
    set ac.value = (
      SELECT o.c_water from sdu_org o
      WHERE ac.name = 'water'
      AND ac.account_id = o.account_id
    )
    WHERE ac.name = 'water'
    AND ac.account_id = o.account_id;
    -- 108 rows affected

    UPDATE OL_ACCOUNT_CUSTOM ac,sdu_org o
    set ac.value = (
      SELECT o.c_water_fte from sdu_org o
      WHERE ac.name = 'waterFte'
      AND ac.account_id = o.account_id
    )
    WHERE ac.name = 'waterFte'
    AND ac.account_id = o.account_id;
    -- 227 rows affected

    UPDATE OL_ACCOUNT_CUSTOM ac,sdu_org o
    set ac.value = (
      SELECT o.c_waste from sdu_org o
      WHERE ac.name = 'waste'
      AND ac.account_id = o.account_id
    )
    WHERE ac.name = 'waste'
    AND ac.account_id = o.account_id;
    -- 165 rows affected

    UPDATE OL_ACCOUNT_CUSTOM ac,sdu_org o
    set ac.value = (
      SELECT o.c_waste_change from sdu_org o
      WHERE ac.name = 'wasteChange'
      AND ac.account_id = o.account_id
    )
    WHERE ac.name = 'wasteChange'
    AND ac.account_id = o.account_id;
    -- 174 rows affected

----

= Import org data from NHS Digital

Canonical source: https://digital.nhs.uk/media/352/etr/zip/etr

. Create table from etr.sql

. Minor amends to provided CSV

  - Add id column
  - Add titles
  - Remove null columns
  - format dates yyyy-mm-dd
  - Save with $ delimiter rather than ,

. Import CSV file
+
----
    mysqlimport --ignore-lines=1 --fields-terminated-by=$ --verbose --local -u tstephen -p srp_db sdu_etr.csv
----

. Compare what exists already
+
----
    mysql> select a.id, a.name, c.name, c.value from OL_ACCOUNT a join OL_ACCOUNT_CUSTOM c on a.id = c.account_id where c.name = 'orgCode';
    475 rows in set (0.00 sec)
    mysql> select org_code, name from sdu_etr where org_code not in (select c.value from OL_ACCOUNT a join OL_ACCOUNT_CUSTOM c on a.id = c.account_id where c.name = 'orgCode');
    R0A      MANCHESTER UNIVERSITY NHS FOUNDATION TRUST
    R1L      ESSEX PARTNERSHIP UNIVERSITY NHS FOUNDATION TRUST
    RJD      MID STAFFORDSHIRE NHS FOUNDATION TRUST
    RQF      VELINDRE NHS TRUST
    RT4      WELSH AMBULANCE SERVICES NHS TRUST
    RYT      PUBLIC HEALTH WALES NHS TRUST
----

. Consolidate longer addresses
+
----
mysql> update sdu_etr set addr1 = concat(addr1, ', ', addr2) where addr3 is not null and addr3!='';
Query OK, 70 rows affected (0.01 sec)
Rows matched: 70  Changed: 70  Warnings: 0

mysql> update sdu_etr set addr2 = addr3 where addr3 is not null and addr3!='';
Query OK, 70 rows affected (0.01 sec)
Rows matched: 70  Changed: 70  Warnings: 0
----

. Create account records
+
----
    INSERT INTO OL_ACCOUNT
       (name, account_type, stage, email_confirmed, existing_customer, address1, address2, town, county_or_city, post_code, tenant_id)
    SELECT name, 'Acute Trust', 'No contact', b'00', b'00', addr1, addr2, addr4, addr5, post_code, 'sdu'
    FROM sdu_etr
    where org_code not in (select c.value from OL_ACCOUNT a join OL_ACCOUNT_CUSTOM c on a.id = c.account_id where c.name = 'orgCode');
----

. Update account types
+
----
    update OL_ACCOUNT set account_type = 'Ambulance Trust' where name = 'WELSH AMBULANCE SERVICES NHS TRUST';
    update OL_ACCOUNT set account_type = 'Public Health' where name = 'PUBLIC HEALTH WALES NHS TRUST';
----

. Create custom fields
+
----
    select id, name from OL_ACCOUNT where name in ('MANCHESTER UNIVERSITY NHS FOUNDATION TRUST','ESSEX PARTNERSHIP UNIVERSITY NHS FOUNDATION TRUST','MID STAFFORDSHIRE NHS FOUNDATION TRUST','VELINDRE NHS TRUST','WELSH AMBULANCE SERVICES NHS TRUST','PUBLIC HEALTH WALES NHS TRUST');

    INSERT INTO OL_ACCOUNT_CUSTOM (name,value,account_id) values ('orgCode','R0A',532);
    INSERT INTO OL_ACCOUNT_CUSTOM (name,value,account_id) values ('orgCode','R1L',533);
    INSERT INTO OL_ACCOUNT_CUSTOM (name,value,account_id) values ('orgCode','RJD',534);
    INSERT INTO OL_ACCOUNT_CUSTOM (name,value,account_id) values ('orgCode','RQF',535);
    INSERT INTO OL_ACCOUNT_CUSTOM (name,value,account_id) values ('orgCode','RT4',536);
    INSERT INTO OL_ACCOUNT_CUSTOM (name,value,account_id) values ('orgCode','RYT',537);
----
          MANCHESTER UNIVERSITY NHS FOUNDATION TRUST
          ESSEX PARTNERSHIP UNIVERSITY NHS FOUNDATION TRUST
          MID STAFFORDSHIRE NHS FOUNDATION TRUST
          VELINDRE NHS TRUST
          WELSH AMBULANCE SERVICES NHS TRUST
          PUBLIC HEALTH WALES NHS TRUST

= Import SDU org tab

. Create table from sdu_org.sql

. import CSV file
+
----
    export table=sdu_org
    export collist=c_org_code,name,c_nhs_area,c_phe_centre,c_region,account_type,c_sdmp,c_adaptation,c_on_track_34_pct,c_healthy_tp,c_gcc,c_sr_score,c_sr_pct,c_nrg,c_nrg_fte,c_water,c_water_fte,c_waste,c_waste_change
    mysql -u root -p srp_db --execute="LOAD DATA INFILE '/var/lib/mysql-files/sdu_org.csv' INTO TABLE $table FIELDS TERMINATED BY '$' OPTIONALLY ENCLOSED BY '\"' IGNORE 1 LINES ($collist) ; SHOW WARNINGS" > $table.output
----

. CREATE account records
+
----
    INSERT INTO OL_ACCOUNT
       (name, account_type, stage, email_confirmed, existing_customer, tenant_id)
    SELECT name, account_type, 'No contact', b'00', b'00', 'sdu'
    FROM sdu_org;
----

. UPDATE tmp table with account ids
+
----
    UPDATE sdu_org o
    SET account_id = ( SELECT min(id) from OL_ACCOUNT a where a.name = o.name )
----

. Create custom fields
+
----
    INSERT INTO OL_ACCOUNT_CUSTOM (name,value,account_id)
    SELECT 'orgCode',c_org_code,account_id
    FROM   sdu_org;

    INSERT INTO OL_ACCOUNT_CUSTOM (name,value,account_id)
    SELECT 'nhsEnglandArea',c_nhs_area,account_id
    FROM   sdu_org;

    INSERT INTO OL_ACCOUNT_CUSTOM (name,value,account_id)
    SELECT 'pheCentre',c_phe_centre,account_id
    FROM   sdu_org;

    INSERT INTO OL_ACCOUNT_CUSTOM (name,value,account_id)
    SELECT 'region',c_region,account_id
    FROM   sdu_org;

    INSERT INTO OL_ACCOUNT_CUSTOM (name,value,account_id)
    SELECT 'sdmp',c_sdmp,account_id
    FROM   sdu_org;

    INSERT INTO OL_ACCOUNT_CUSTOM (name,value,account_id)
    SELECT 'adaptation',c_adaptation,account_id
    FROM   sdu_org;

    INSERT INTO OL_ACCOUNT_CUSTOM (name,value,account_id)
    SELECT 'onTrack34Pct',c_on_track_34_pct,account_id
    FROM   sdu_org;

    INSERT INTO OL_ACCOUNT_CUSTOM (name,value,account_id)
    SELECT 'healthyTP',c_healthy_tp,account_id
    FROM   sdu_org;

    INSERT INTO OL_ACCOUNT_CUSTOM (name,value,account_id)
    SELECT 'gcc',c_gcc,account_id
    FROM   sdu_org;

    INSERT INTO OL_ACCOUNT_CUSTOM (name,value,account_id)
    SELECT 'srScore',c_sr_score,account_id
    FROM   sdu_org;

    INSERT INTO OL_ACCOUNT_CUSTOM (name,value,account_id)
    SELECT 'srPct',c_sr_pct,account_id
    FROM   sdu_org;

    INSERT INTO OL_ACCOUNT_CUSTOM (name,value,account_id)
    SELECT 'energy',c_nrg,account_id
    FROM   sdu_org;

    INSERT INTO OL_ACCOUNT_CUSTOM (name,value,account_id)
    SELECT 'energyFte',c_nrg_fte,account_id
    FROM   sdu_org;

    INSERT INTO OL_ACCOUNT_CUSTOM (name,value,account_id)
    SELECT 'water',c_water,account_id
    FROM   sdu_org;

    INSERT INTO OL_ACCOUNT_CUSTOM (name,value,account_id)
    SELECT 'waterFte',c_water_fte,account_id
    FROM   sdu_org;

    INSERT INTO OL_ACCOUNT_CUSTOM (name,value,account_id)
    SELECT 'waste',c_waste,account_id
    FROM   sdu_org;

    INSERT INTO OL_ACCOUNT_CUSTOM (name,value,account_id)
    SELECT 'wasteChange',c_waste_change,account_id
    FROM   sdu_org;
----
